Measure Code,Parent Description,Description,2011,2015,2016,2017,2018,2019,2020,2021,2022
ERP_P_20,Estimated resident population - year ended 30 June,Estimated resident population (no.),,,,231983,238212,244498,249511,251047,252693
ERP_21,Estimated resident population - year ended 30 June,Population density (persons/km2),,,,136.8,140.5,144.2,147.2,148.1,149
ERP_M_20,Estimated resident population - year ended 30 June,Estimated resident population - males (no.),,,,114958,117574,120095,122063,122820,
ERP_F_20,Estimated resident population - year ended 30 June,Estimated resident population - females (no.),,,,117025,120638,124403,127448,128227,
ERP_19,Estimated resident population - year ended 30 June,Median age - males (years),,,,37.9,37.4,37.1,36.9,37.2,
ERP_22,Estimated resident population - year ended 30 June,Median age - females (years),,,,40.8,40.3,39.9,39.7,40,
ERP_23,Estimated resident population - year ended 30 June,Median age - persons (years),,,,39.3,38.9,38.5,38.3,38.6,
ERP_18,Estimated resident population - year ended 30 June,Working age population (aged 15-64 years) (no.),,,,149436,153740,158128,161785,162281,
ERP_17,Estimated resident population - year ended 30 June,Working age population (aged 15-64 years) (%),,,,64.4,64.5,64.7,64.8,64.6,
ERP_M_2,Estimated resident population - Males - year ended 30 June,Males - 0-4 years (no.),,,,7095,7086,7041,6961,6855,
ERP_M_3,Estimated resident population - Males - year ended 30 June,Males - 5-9 years (no.),,,,7562,7523,7519,7444,7294,
ERP_M_4,Estimated resident population - Males - year ended 30 June,Males - 10-14 years (no.),,,,7173,7383,7572,7623,7756,
ERP_M_5,Estimated resident population - Males - year ended 30 June,Males - 15-19 years (no.),,,,7261,7150,7013,7004,7009,
ERP_M_6,Estimated resident population - Males - year ended 30 June,Males - 20-24 years (no.),,,,8121,8391,8417,8167,7809,
ERP_M_7,Estimated resident population - Males - year ended 30 June,Males - 25-29 years (no.),,,,8457,9248,10036,10589,10427,
ERP_M_8,Estimated resident population - Males - year ended 30 June,Males - 30-34 years (no.),,,,7789,8368,9090,9946,10279,
ERP_M_9,Estimated resident population - Males - year ended 30 June,Males - 35-39 years (no.),,,,6865,7241,7636,8169,8624,
ERP_M_10,Estimated resident population - Males - year ended 30 June,Males - 40-44 years (no.),,,,6847,6843,6827,6894,7056,
ERP_M_11,Estimated resident population - Males - year ended 30 June,Males - 45-49 years (no.),,,,7461,7534,7494,7409,7256,
ERP_M_12,Estimated resident population - Males - year ended 30 June,Males - 50-54 years (no.),,,,7039,6866,6839,6916,7230,
ERP_M_13,Estimated resident population - Males - year ended 30 June,Males - 55-59 years (no.),,,,7656,7661,7721,7528,7189,
ERP_M_14,Estimated resident population - Males - year ended 30 June,Males - 60-64 years (no.),,,,6859,6899,7017,7110,7226,
ERP_M_15,Estimated resident population - Males - year ended 30 June,Males - 65-69 years (no.),,,,6275,6354,6384,6340,6386,
ERP_M_16,Estimated resident population - Males - year ended 30 June,Males - 70-74 years (no.),,,,4912,5255,5419,5640,5804,
ERP_M_17,Estimated resident population - Males - year ended 30 June,Males - 75-79 years (no.),,,,3388,3494,3638,3759,3863,
ERP_M_18,Estimated resident population - Males - year ended 30 June,Males - 80-84 years (no.),,,,2176,2278,2377,2483,2623,
ERP_M_19,Estimated resident population - Males - year ended 30 June,Males - 85 and over (no.),,,,2022,2000,2055,2081,2134,
ERP_M_21,Estimated resident population - Males - year ended 30 June,Males - 0-4 years (%),,,,6.2,6,5.9,5.7,5.6,
ERP_M_22,Estimated resident population - Males - year ended 30 June,Males - 5-9 years (%),,,,6.6,6.4,6.3,6.1,5.9,
ERP_M_23,Estimated resident population - Males - year ended 30 June,Males - 10-14 years (%),,,,6.2,6.3,6.3,6.2,6.3,
ERP_M_24,Estimated resident population - Males - year ended 30 June,Males - 15-19 years (%),,,,6.3,6.1,5.8,5.7,5.7,
ERP_M_25,Estimated resident population - Males - year ended 30 June,Males - 20-24 years (%),,,,7.1,7.1,7,6.7,6.4,
ERP_M_26,Estimated resident population - Males - year ended 30 June,Males - 25-29 years (%),,,,7.4,7.9,8.4,8.7,8.5,
ERP_M_27,Estimated resident population - Males - year ended 30 June,Males - 30-34 years (%),,,,6.8,7.1,7.6,8.1,8.4,
ERP_M_28,Estimated resident population - Males - year ended 30 June,Males - 35-39 years (%),,,,6,6.2,6.4,6.7,7,
ERP_M_29,Estimated resident population - Males - year ended 30 June,Males - 40-44 years (%),,,,6,5.8,5.7,5.6,5.7,
ERP_M_30,Estimated resident population - Males - year ended 30 June,Males - 45-49 years (%),,,,6.5,6.4,6.2,6.1,5.9,
ERP_M_31,Estimated resident population - Males - year ended 30 June,Males - 50-54 years (%),,,,6.1,5.8,5.7,5.7,5.9,
ERP_M_32,Estimated resident population - Males - year ended 30 June,Males - 55-59 years (%),,,,6.7,6.5,6.4,6.2,5.9,
ERP_M_33,Estimated resident population - Males - year ended 30 June,Males - 60-64 years (%),,,,6,5.9,5.8,5.8,5.9,
ERP_M_34,Estimated resident population - Males - year ended 30 June,Males - 65-69 years (%),,,,5.5,5.4,5.3,5.2,5.2,
ERP_M_35,Estimated resident population - Males - year ended 30 June,Males - 70-74 years (%),,,,4.3,4.5,4.5,4.6,4.7,
ERP_M_36,Estimated resident population - Males - year ended 30 June,Males - 75-79 years (%),,,,2.9,3,3,3.1,3.1,
ERP_M_37,Estimated resident population - Males - year ended 30 June,Males - 80-84 years (%),,,,1.9,1.9,2,2,2.1,
ERP_M_38,Estimated resident population - Males - year ended 30 June,Males - 85 and over (%),,,,1.8,1.7,1.7,1.7,1.7,
ERP_F_2,Estimated resident population - Females - year ended 30 June,Females - 0-4 years (no.),,,,6538,6526,6587,6600,6473,
ERP_F_3,Estimated resident population - Females - year ended 30 June,Females - 5-9 years (no.),,,,6981,7027,7041,7109,7097,
ERP_F_4,Estimated resident population - Females - year ended 30 June,Females - 10-14 years (no.),,,,6531,6810,7113,7204,7272,
ERP_F_5,Estimated resident population - Females - year ended 30 June,Females - 15-19 years (no.),,,,6751,6706,6553,6564,6605,
ERP_F_6,Estimated resident population - Females - year ended 30 June,Females - 20-24 years (no.),,,,7515,7856,8143,8003,7563,
ERP_F_7,Estimated resident population - Females - year ended 30 June,Females - 25-29 years (no.),,,,8148,8938,9752,10295,10133,
ERP_F_8,Estimated resident population - Females - year ended 30 June,Females - 30-34 years (no.),,,,7845,8472,9135,9841,10104,
ERP_F_9,Estimated resident population - Females - year ended 30 June,Females - 35-39 years (no.),,,,7185,7522,8050,8543,8849,
ERP_F_10,Estimated resident population - Females - year ended 30 June,Females - 40-44 years (no.),,,,7131,7149,7191,7374,7600,
ERP_F_11,Estimated resident population - Females - year ended 30 June,Females - 45-49 years (no.),,,,7694,7868,7946,7906,7716,
ERP_F_12,Estimated resident population - Females - year ended 30 June,Females - 50-54 years (no.),,,,7518,7444,7395,7525,7775,
ERP_F_13,Estimated resident population - Females - year ended 30 June,Females - 55-59 years (no.),,,,8015,8168,8187,8095,7823,
ERP_F_14,Estimated resident population - Females - year ended 30 June,Females - 60-64 years (no.),,,,7279,7416,7686,7907,8008,
ERP_F_15,Estimated resident population - Females - year ended 30 June,Females - 65-69 years (no.),,,,6556,6787,7021,7189,7253,
ERP_F_16,Estimated resident population - Females - year ended 30 June,Females - 70-74 years (no.),,,,5313,5707,5919,6236,6482,
ERP_F_17,Estimated resident population - Females - year ended 30 June,Females - 75-79 years (no.),,,,3838,3946,4173,4370,4598,
ERP_F_18,Estimated resident population - Females - year ended 30 June,Females - 80-84 years (no.),,,,2809,2898,3004,3141,3328,
ERP_F_19,Estimated resident population - Females - year ended 30 June,Females - 85 and over (no.),,,,3378,3398,3507,3546,3548,
ERP_F_21,Estimated resident population - Females - year ended 30 June,Females - 0-4 years (%),,,,5.6,5.4,5.3,5.2,5,
ERP_F_22,Estimated resident population - Females - year ended 30 June,Females - 5-9 years (%),,,,6,5.8,5.7,5.6,5.5,
ERP_F_23,Estimated resident population - Females - year ended 30 June,Females - 10-14 years (%),,,,5.6,5.6,5.7,5.7,5.7,
ERP_F_24,Estimated resident population - Females - year ended 30 June,Females - 15-19 years (%),,,,5.8,5.6,5.3,5.2,5.2,
ERP_F_25,Estimated resident population - Females - year ended 30 June,Females - 20-24 years (%),,,,6.4,6.5,6.5,6.3,5.9,
ERP_F_26,Estimated resident population - Females - year ended 30 June,Females - 25-29 years (%),,,,7,7.4,7.8,8.1,7.9,
ERP_F_27,Estimated resident population - Females - year ended 30 June,Females - 30-34 years (%),,,,6.7,7,7.3,7.7,7.9,
ERP_F_28,Estimated resident population - Females - year ended 30 June,Females - 35-39 years (%),,,,6.1,6.2,6.5,6.7,6.9,
ERP_F_29,Estimated resident population - Females - year ended 30 June,Females - 40-44 years (%),,,,6.1,5.9,5.8,5.8,5.9,
ERP_F_30,Estimated resident population - Females - year ended 30 June,Females - 45-49 years (%),,,,6.6,6.5,6.4,6.2,6,
ERP_F_31,Estimated resident population - Females - year ended 30 June,Females - 50-54 years (%),,,,6.4,6.2,5.9,5.9,6.1,
ERP_F_32,Estimated resident population - Females - year ended 30 June,Females - 55-59 years (%),,,,6.8,6.8,6.6,6.4,6.1,
ERP_F_33,Estimated resident population - Females - year ended 30 June,Females - 60-64 years (%),,,,6.2,6.1,6.2,6.2,6.2,
ERP_F_34,Estimated resident population - Females - year ended 30 June,Females - 65-69 years (%),,,,5.6,5.6,5.6,5.6,5.7,
ERP_F_35,Estimated resident population - Females - year ended 30 June,Females - 70-74 years (%),,,,4.5,4.7,4.8,4.9,5.1,
ERP_F_36,Estimated resident population - Females - year ended 30 June,Females - 75-79 years (%),,,,3.3,3.3,3.4,3.4,3.6,
ERP_F_37,Estimated resident population - Females - year ended 30 June,Females - 80-84 years (%),,,,2.4,2.4,2.4,2.5,2.6,
ERP_F_38,Estimated resident population - Females - year ended 30 June,Females - 85 and over (%),,,,2.9,2.8,2.8,2.8,2.8,
ERP_P_2,Estimated resident population - Persons - year ended 30 June,Persons - 0-4 years (no.),,,,13633,13612,13628,13561,13328,
ERP_P_3,Estimated resident population - Persons - year ended 30 June,Persons - 5-9 years (no.),,,,14543,14550,14560,14553,14391,
ERP_P_4,Estimated resident population - Persons - year ended 30 June,Persons - 10-14 years (no.),,,,13704,14193,14685,14827,15028,
ERP_P_5,Estimated resident population - Persons - year ended 30 June,Persons - 15-19 years (no.),,,,14012,13856,13566,13568,13614,
ERP_P_6,Estimated resident population - Persons - year ended 30 June,Persons - 20-24 years (no.),,,,15636,16247,16560,16170,15372,
ERP_P_7,Estimated resident population - Persons - year ended 30 June,Persons - 25-29 years (no.),,,,16605,18186,19788,20884,20560,
ERP_P_8,Estimated resident population - Persons - year ended 30 June,Persons - 30-34 years (no.),,,,15634,16840,18225,19787,20383,
ERP_P_9,Estimated resident population - Persons - year ended 30 June,Persons - 35-39 years (no.),,,,14050,14763,15686,16712,17473,
ERP_P_10,Estimated resident population - Persons - year ended 30 June,Persons - 40-44 years (no.),,,,13978,13992,14018,14268,14656,
ERP_P_11,Estimated resident population - Persons - year ended 30 June,Persons - 45-49 years (no.),,,,15155,15402,15440,15315,14972,
ERP_P_12,Estimated resident population - Persons - year ended 30 June,Persons - 50-54 years (no.),,,,14557,14310,14234,14441,15005,
ERP_P_13,Estimated resident population - Persons - year ended 30 June,Persons - 55-59 years (no.),,,,15671,15829,15908,15623,15012,
ERP_P_14,Estimated resident population - Persons - year ended 30 June,Persons - 60-64 years (no.),,,,14138,14315,14703,15017,15234,
ERP_P_15,Estimated resident population - Persons - year ended 30 June,Persons - 65-69 years (no.),,,,12831,13141,13405,13529,13639,
ERP_P_16,Estimated resident population - Persons - year ended 30 June,Persons - 70-74 years (no.),,,,10225,10962,11338,11876,12286,
ERP_P_17,Estimated resident population - Persons - year ended 30 June,Persons - 75-79 years (no.),,,,7226,7440,7811,8129,8461,
ERP_P_18,Estimated resident population - Persons - year ended 30 June,Persons - 80-84 years (no.),,,,4985,5176,5381,5624,5951,
ERP_P_19,Estimated resident population - Persons - year ended 30 June,Persons - 85 and over (no.),,,,5400,5398,5562,5627,5682,
ERP_P_21,Estimated resident population - Persons - year ended 30 June,Persons - 0-4 years (%),,,,5.9,5.7,5.6,5.4,5.3,
ERP_P_22,Estimated resident population - Persons - year ended 30 June,Persons - 5-9 years (%),,,,6.3,6.1,6,5.8,5.7,
ERP_P_23,Estimated resident population - Persons - year ended 30 June,Persons - 10-14 years (%),,,,5.9,6,6,5.9,6,
ERP_P_24,Estimated resident population - Persons - year ended 30 June,Persons - 15-19 years (%),,,,6,5.8,5.5,5.4,5.4,
ERP_P_25,Estimated resident population - Persons - year ended 30 June,Persons - 20-24 years (%),,,,6.7,6.8,6.8,6.5,6.1,
ERP_P_26,Estimated resident population - Persons - year ended 30 June,Persons - 25-29 years (%),,,,7.2,7.6,8.1,8.4,8.2,
ERP_P_27,Estimated resident population - Persons - year ended 30 June,Persons - 30-34 years (%),,,,6.7,7.1,7.5,7.9,8.1,
ERP_P_28,Estimated resident population - Persons - year ended 30 June,Persons - 35-39 years (%),,,,6.1,6.2,6.4,6.7,7,
ERP_P_29,Estimated resident population - Persons - year ended 30 June,Persons - 40-44 years (%),,,,6,5.9,5.7,5.7,5.8,
ERP_P_30,Estimated resident population - Persons - year ended 30 June,Persons - 45-49 years (%),,,,6.5,6.5,6.3,6.1,6,
ERP_P_31,Estimated resident population - Persons - year ended 30 June,Persons - 50-54 years (%),,,,6.3,6,5.8,5.8,6,
ERP_P_32,Estimated resident population - Persons - year ended 30 June,Persons - 55-59 years (%),,,,6.8,6.6,6.5,6.3,6,
ERP_P_33,Estimated resident population - Persons - year ended 30 June,Persons - 60-64 years (%),,,,6.1,6,6,6,6.1,
ERP_P_34,Estimated resident population - Persons - year ended 30 June,Persons - 65-69 years (%),,,,5.5,5.5,5.5,5.4,5.4,
ERP_P_35,Estimated resident population - Persons - year ended 30 June,Persons - 70-74 years (%),,,,4.4,4.6,4.6,4.8,4.9,
ERP_P_36,Estimated resident population - Persons - year ended 30 June,Persons - 75-79 years (%),,,,3.1,3.1,3.2,3.3,3.4,
ERP_P_37,Estimated resident population - Persons - year ended 30 June,Persons - 80-84 years (%),,,,2.1,2.2,2.2,2.3,2.4,
ERP_P_38,Estimated resident population - Persons - year ended 30 June,Persons - 85 and over (%),,,,2.3,2.3,2.3,2.3,2.3,
BD_2,Births and deaths - year ended 31 December,Births (no.),,,2768,2564,2535,2717,2734,2839,
BD_3,Births and deaths - year ended 31 December,Total fertility rate (births per female) (rate),,,1.9,1.81,1.71,1.59,1.53,1.52,
BD_4,Births and deaths - year ended 31 December,Deaths (no.),,,1888,1985,1773,2000,1812,1967,
BD_5,Births and deaths - year ended 31 December,Standardised death rate (per 1000 people) (rate),,,6.2,6.1,5.9,5.9,5.6,5.6,
MIGRATION_2,Internal and overseas migration - at 30 June,Internal arrivals (no.),,,,7701,8690,8658,7205,7627,8876
MIGRATION_3,Internal and overseas migration - at 30 June,Internal departures (no.),,,,6430,7422,7672,7640,8455,9674
MIGRATION_4,Internal and overseas migration - at 30 June,Net internal migration (no.),,,,1271,1268,986,-435,-828,-798
MIGRATION_5,Internal and overseas migration - at 30 June,Overseas arrivals (no.),,,,2896,3150,3620,4045,956,3035
MIGRATION_6,Internal and overseas migration - at 30 June,Overseas departures (no.),,,,1497,1513,1770,1932,1325,1392
MIGRATION_7,Internal and overseas migration - at 30 June,Net overseas migration (no.),,,,1399,1637,1850,2113,-369,1643
CENSUS_34,Aboriginal and Torres Strait Islander Peoples - Census,Aboriginal and Torres Strait Islander Peoples (no.),6896,,8535,,,,,11216,
CENSUS_2,Aboriginal and Torres Strait Islander Peoples - Census,Aboriginal and Torres Strait Islander Peoples (%),3.3,,3.8,,,,,4.5,
CENSUS_4,Overseas born population - Census,Born in Oceania and Antarctica (excluding Australia) (%),,,1,,,,,1,
CENSUS_5,Overseas born population - Census,Born in North-West Europe (%),,,5.6,,,,,5.1,
CENSUS_6,Overseas born population - Census,Born in Southern and Eastern Europe (%),,,1,,,,,1,
CENSUS_7,Overseas born population - Census,Born in North Africa and the Middle East (%),,,0.5,,,,,0.5,
CENSUS_8,Overseas born population - Census,Born in South-East Asia (%),,,1.3,,,,,1.8,
CENSUS_9,Overseas born population - Census,Born in North-East Asia (%),,,1.6,,,,,3,
CENSUS_10,Overseas born population - Census,Born in Southern and Central Asia (%),,,1.2,,,,,4.4,
CENSUS_11,Overseas born population - Census,Born in Americas (%),,,0.8,,,,,1.1,
CENSUS_12,Overseas born population - Census,Born in Sub-Saharan Africa (%),,,0.8,,,,,1,
CENSUS_35,Overseas born population - Census,Total born overseas (no.),,,30577,,,,,46613,
CENSUS_13,Overseas born population - Census,Total born overseas (%),,,13.8,,,,,18.9,
CENSUS_15,Religious affiliation - Census,Buddhism (%),0.9,,0.9,,,,,1.3,
CENSUS_16,Religious affiliation - Census,Christianity (%),58.7,,47.3,,,,,37.1,
CENSUS_17,Religious affiliation - Census,Hinduism (%),0.4,,0.7,,,,,2.6,
CENSUS_18,Religious affiliation - Census,Islam (%),0.5,,0.7,,,,,1.3,
CENSUS_19,Religious affiliation - Census,Judaism (%),0.1,,0.1,,,,,0.1,
CENSUS_20,Religious affiliation - Census,Other religions (%),0.5,,0.5,,,,,1,
CENSUS_40,Religious affiliation - Census,"Secular beliefs, other spiritual beliefs or no religion (%)",29.5,,40.5,,,,,50.4,
CENSUS_22,Religious affiliation - Census,Religious affiliation inadequately described or not stated (%),9.4,,9.3,,,,,6.3,
CENSUS_36,Australian citizenship - Census,Australian citizen (no.),190808,,196627,,,,,210112,
CENSUS_37,Australian citizenship - Census,Not an Australian citizen (no.),10072,,11655,,,,,26672,
CENSUS_38,Australian citizenship - Census,Australian citizenship not stated (no.),10778,,14073,,,,,10303,
CENSUS_29,Australian citizenship - Census,Australian citizen (%),90.1,,88.4,,,,,85,
CENSUS_30,Australian citizenship - Census,Not an Australian citizen (%),4.8,,5.2,,,,,10.8,
CENSUS_31,Australian citizenship - Census,Australian citizenship not stated (%),5.1,,6.3,,,,,4.2,
CENSUS_39,Speaks a language other than English at home - Census,Speaks a language other than English at home (no.),13617,,16992,,,,,31693,
CENSUS_33,Speaks a language other than English at home - Census,Speaks a language other than English at home (%),6.4,,7.6,,,,,12.8,
ADFS_2,Australian Defence Force service - Persons aged 15 years and over - Census,Currently serving in the Australian Defence Force (no.),,,,,,,,566,
ADFS_3,Australian Defence Force service - Persons aged 15 years and over - Census,Previously served in the Australian Defence Force (no.),,,,,,,,7621,
ADFS_4,Australian Defence Force service - Persons aged 15 years and over - Census,Currently serving in the Australian Defence Force (%),,,,,,,,0.3,
ADFS_5,Australian Defence Force service - Persons aged 15 years and over - Census,Previously served in the Australian Defence Force (%),,,,,,,,3.7,
ING_ERP_P,Estimated resident Aboriginal and Torres Strait Islander population - at 30 June,Estimated resident Aboriginal and Torres Strait Islander population (no.),,,10323,,,,,,
ING_CULTID,Culture,"Identifies with tribal group, language group, clan, mission or regional group (%)",,30.2,,,,38,,,
ING_HLTC1,Culture,Recognises an area as homelands/traditional country (%),,47.2,,,,47.9,,,
ING_HLTC2,Culture,Recognises and lives in homelands/traditional country (%),,11.3,,,,25.4,,,
ING_HLTC3,Culture,Recognises and allowed to visit homelands/traditional country (%),,35.8,,,,18.3,,,
ING_LANG1,Language - Census,Speakers of an Aboriginal or Torres Strait Islander language who identify as Aboriginal and/or Torres Strait Islander (%),0.4,,0.5,,,,,0.8,
ING_LANG2,Language - Census,Speaks English at home (%),98.7,,98.8,,,,,98.5,
ING_EETP1,"Engagement in employment, education or training - Census",Fully engaged (%),44.6,,42.3,,,,,,
ING_EETP2,"Engagement in employment, education or training - Census",Partially or at least partially engaged (%),19.6,,20.9,,,,,,
ING_EETP3,"Engagement in employment, education or training - Census",Not engaged (%),35.7,,36.9,,,,,,
ING_YR12ATT,Education - Census,Attained year 12 or equivalent or Certificate III or above (aged 20-24 years) (%),59.5,,65.4,,,,,,
ING_EMP1,Labour force status - Census,Employed (no.),2202,,2766,,,,,,
ING_EMP2,Labour force status - Census,% of total labour force employed,87.4,,87.5,,,,,,
ING_UNEMP1,Labour force status - Census,Unemployed (no.),314,,395,,,,,,
ING_UNEMP2,Labour force status - Census,% of total labour force unemployed,12.5,,12.5,,,,,,
ING_LABF,Labour force status - Census,In the labour force (no.),2519,,3162,,,,,,
ING_LFPR,Labour force status - Census,Labour force participation rate (%),61.3,,60.8,,,,,,
ING_NILF,Labour force status - Census,Not in the labour force (%),38.7,,39.1,,,,,,
ING_1564,Labour force status - Census,Total responding population aged 15-64 years (no.),4109,,5201,,,,,,
ING_EMP3,Labour force status - Census,% of total Census responding population employed,53.6,,53.2,,,,,,
ING_UA1,Unpaid assistance to a person with a disability - Census,Provided unpaid assistance (no.),571,,801,,,,,1198,
ING_UA2,Unpaid assistance to a person with a disability - Census,Provided unpaid assistance (%),12.8,,14.1,,,,,15.7,
ING_UPCC1,Unpaid child care - Census,Cared for own child/children (no.),1054,,1281,,,,,1690,
ING_UPCC2,Unpaid child care - Census,Cared for own child/children (%),23.7,,22.5,,,,,22.1,
ING_UPCC3,Unpaid child care - Census,Cared for other child/children (no.),399,,525,,,,,624,
ING_UPCC4,Unpaid child care - Census,Cared for other child/children (%),9,,9.2,,,,,8.2,
ING_UPCC5,Unpaid child care - Census,Total provided unpaid child care (no.),1511,,1898,,,,,2431,
ING_UPCC6,Unpaid child care - Census,Total provided unpaid child care (%),34,,33.3,,,,,31.8,
ING_UPCC7,Unpaid child care - Census,Did not provide unpaid child care (no.),2647,,3495,,,,,4886,
ING_UPCC8,Unpaid child care - Census,Did not provide unpaid child care (%),59.5,,61.3,,,,,63.9,
ING_VOLWP1,Voluntary work for an organisation or group - Census,Volunteered for an organisation or group (no.),559,,898,,,,,981,
ING_VOLWP2,Voluntary work for an organisation or group - Census,Volunteered for an organisation or group (%),12.6,,15.8,,,,,12.8,
ING_SAHLTH,Self-assessed health,Excellent/very good self-assessed health (%),,40.7,,,,37.7,,,
ING_DISAB1,Disability status,Profound/severe core activity limitation (no.),,,,,,1044,,,
ING_DISAB2,Disability status,Moderate/mild core activity limitation (no.),,,,,,2262,,,
ING_DISAB3,Disability status,Schooling/employment restriction only (no.),,,,,,737,,,
ING_DISAB4,Disability status,No limitation or specific restriction (no.),,,,,,1315,,,
ING_DISAB5,Disability status,Total with disability (no.),,,,,,5421,,,
ING_DISAB6,Disability status,Total with disability (%),,,,,,44.6,,,
ING_DISAB7,Disability status,Has no disability or long-term health condition (%),,,,,,54.5,,,
ING_LTHC1,Current long-term health conditions,No current long-term health conditions (%),,,,,,18.2,,,
ING_LTHC2,Current long-term health conditions,One long-term health condition (no.),,,,,,2214,,,
ING_LTHC3,Current long-term health conditions,Two long-term health conditions (no.),,,,,,1616,,,
ING_LTHC4,Current long-term health conditions,Three or more long-term health conditions (no.),,,,,,5794,,,
ING_LTHC5,Current long-term health conditions,Total with one or more current long-term health conditions (no.),,,,,,9917,,,
ING_LTHC6,Current long-term health conditions,Total with one or more current long-term health conditions (%),,,,,,81.8,,,
ING_USP1,Usual and preferred health service providers,Aboriginal Medical Service is usual health service provider (no.),,,,,,1829,,,
ING_USP2,Usual and preferred health service providers,Aboriginal Medical Service is usual health service provider (%),,,,,,14.9,,,
ING_USP3,Usual and preferred health service providers,Aboriginal Medical Service is preferred health service provider is (no.),,,,,,3135,,,
ING_USP4,Usual and preferred health service providers,Aboriginal Medical Service is preferred health service provider (%),,,,,,25.6,,,
ING_ALC1,Health risk factor - Alcohol consumption,Did not exceed life time alcohol risk levels (2009 guidelines) (no.),,5138,,,,6456,,,
ING_ALC2,Health risk factor - Alcohol consumption,Did not exceed life time alcohol risk levels (2009 guidelines) (%),,86.4,,,,84.4,,,
ING_SMK1,Health risk factor - Smoker status,Ex smoker/never smoked (no.),,3765,,,,4346,,,
ING_SMK2,Health risk factor - Smoker status,Ex smoker/never smoked (%),,64.4,,,,55.8,,,
ING_ASHP,Appropriately sized housing - Census,Persons living in appropriately sized dwellings (Closing the Gap measure) (%),88.4,,88,,,,,87.4,
ING_ONEBR,Appropriately sized housing - Census,Persons living in a dwelling requiring one additional bedroom (%),9.5,,9.7,,,,,9.8,
ING_TWOBR,Appropriately sized housing - Census,Persons living in a dwelling requiring two additional bedrooms (%),1.7,,1.9,,,,,2.4,
ING_THRBR,Appropriately sized housing - Census,Persons living in a dwelling requiring three additional bedrooms (%),0.2,,0.4,,,,,0.2,
ING_FOUBR,Appropriately sized housing - Census,Persons living in a dwelling requiring four or more additional bedrooms (%),0.2,,0,,,,,0.3,
ING_TTYPE1,Tenure type - Census,Owner with or without a mortgage (or being purchased under a shared equity scheme) (no.),3062,,3865,,,,,5420,
ING_TTYPE3,Tenure type - Census,Owner with or without a mortgage (or being purchased under a shared equity scheme) (%),45.9,,46.8,,,,,50,
ING_TTYPE2,Tenure type - Census,Renter (no.),3403,,4130,,,,,5148,
ING_TTYPE4,Tenure type - Census,Renter (%),51.1,,50,,,,,47.5,
CABEE_2,Number of businesses - at 30 June,Number of non-employing businesses,,,,,8942,9527,10246,10285,10716
CABEE_3,Number of businesses - at 30 June,Number of employing businesses: 1-4 employees,,,,,3922,3999,4157,4773,4945
CABEE_4,Number of businesses - at 30 June,Number of employing businesses: 5-19 employees,,,,,1775,1809,1915,2021,2077
CABEE_38,Number of businesses - at 30 June,Number of employing businesses: 20 or more employees,,,,,480,502,511,482,527
CABEE_5,Number of businesses - at 30 June,Total number of businesses,,,,,15113,15834,16835,17564,18266
CABEE_7,Business entries - year ended 30 June,Number of non employing business entries,,,,,,1714,1806,1836,2074
CABEE_8,Business entries - year ended 30 June,Number of employing business entries: 1-4 employees,,,,,,553,669,740,799
CABEE_9,Business entries - year ended 30 June,Number of employing business entries: 5-19 employees,,,,,,89,79,82,88
CABEE_39,Business entries - year ended 30 June,Number of employing business entries: 20 or more employees,,,,,,4,13,3,5
CABEE_10,Business entries - year ended 30 June,Total number of business entries,,,,,,2362,2567,2657,2968
CABEE_12,Business exits - year ended 30 June,Number of non employing business exits,,,,,,1298,1440,1578,1672
CABEE_13,Business exits - year ended 30 June,Number of employing business exits: 1-4 employees,,,,,,385,307,307,458
CABEE_14,Business exits - year ended 30 June,Number of employing business exits: 5-19 employees,,,,,,109,94,73,103
CABEE_40,Business exits - year ended 30 June,Number of employing business exits: 20 or more employees,,,,,,24,15,12,22
CABEE_15,Business exits - year ended 30 June,Total number of business exits,,,,,,1816,1854,1971,2250
CABEE_19,Number of businesses by industry - at 30 June,"Agriculture, forestry and fishing (no.)",,,,,716,708,706,723,706
CABEE_28,Number of businesses by industry - at 30 June,Mining (no.),,,,,35,43,33,33,32
CABEE_27,Number of businesses by industry - at 30 June,Manufacturing (no.),,,,,738,749,765,797,824
CABEE_23,Number of businesses by industry - at 30 June,"Electricity, gas water and waste services (no.)",,,,,45,47,42,48,48
CABEE_21,Number of businesses by industry - at 30 June,Construction (no.),,,,,2668,2831,2924,3142,3398
CABEE_37,Number of businesses by industry - at 30 June,Wholesale trade (no.),,,,,410,415,448,465,459
CABEE_34,Number of businesses by industry - at 30 June,Retail trade (no.),,,,,1112,1085,1114,1161,1183
CABEE_17,Number of businesses by industry - at 30 June,Accommodation and food services (no.),,,,,956,998,1066,1087,1126
CABEE_36,Number of businesses by industry - at 30 June,"Transport, postal and warehousing (no.)",,,,,1151,1377,1721,1670,1693
CABEE_26,Number of businesses by industry - at 30 June,Information media and telecommunications (no.),,,,,123,130,139,153,141
CABEE_24,Number of businesses by industry - at 30 June,Financial and insurance services (no.),,,,,500,514,534,568,584
CABEE_33,Number of businesses by industry - at 30 June,"Rental, hiring and real estate services (no.)",,,,,1591,1607,1633,1640,1702
CABEE_31,Number of businesses by industry - at 30 June,"Professional, scientific and technical services (no.)",,,,,1973,2014,2076,2204,2278
CABEE_18,Number of businesses by industry - at 30 June,Administrative and support services (no.),,,,,569,664,766,843,905
CABEE_32,Number of businesses by industry - at 30 June,Public administration and safety (no.),,,,,42,43,54,58,59
CABEE_22,Number of businesses by industry - at 30 June,Education and training (no.),,,,,201,225,272,291,311
CABEE_25,Number of businesses by industry - at 30 June,Health care and social assistance (no.),,,,,1325,1384,1472,1521,1583
CABEE_20,Number of businesses by industry - at 30 June,Arts and recreation services (no.),,,,,246,266,273,282,311
CABEE_30,Number of businesses by industry - at 30 June,Other services (no.),,,,,669,717,767,853,903
CABEE_29,Number of businesses by industry - at 30 June,Currently unknown (no.),,,,,37,22,27,20,18
CABEE_42,Number of businesses by turnover - at 30 June,Number of businesses with turnover of zero to less than $50k,,,,,3704,4127,4564,5165,4980
CABEE_43,Number of businesses by turnover - at 30 June,Number of businesses with turnover of $50k to less than $200k,,,,,5081,5130,5398,5477,5760
CABEE_44,Number of businesses by turnover - at 30 June,Number of businesses with turnover of $200k to less than $2m,,,,,5288,5514,5720,5767,6184
CABEE_45,Number of businesses by turnover - at 30 June,Number of businesses with turnover of $2m to less than $5m,,,,,683,696,758,774,860
CABEE_46,Number of businesses by turnover - at 30 June,Number of businesses with turnover of $5m to less than $10m,,,,,217,220,225,212,287
CABEE_47,Number of businesses by turnover - at 30 June,Number of businesses with turnover of $10m or more,,,,,141,150,159,168,194
CABEE_50,Business entries by turnover - year ended 30 June,Number of business entries with turnover of zero to less than $50k,,,,,,1082,1184,1195,1276
CABEE_51,Business entries by turnover - year ended 30 June,Number of business entries with turnover of $50k to less than $200k,,,,,,851,940,1006,1184
CABEE_52,Business entries by turnover - year ended 30 June,Number of business entries with turnover of $200k to less than $2m,,,,,,416,414,437,490
CABEE_53,Business entries by turnover - year ended 30 June,Number of business entries with turnover of $2m to less than $5m,,,,,,15,24,14,12
CABEE_54,Business entries by turnover - year ended 30 June,Number of business entries with turnover of $5m to less than $10m,,,,,,,3,3,8
CABEE_55,Business entries by turnover - year ended 30 June,Number of business entries with turnover of $10m or more,,,,,,,,3,3
CABEE_58,Business exits by turnover - year ended 30 June,Number of business exits with turnover of zero to less than $50k,,,,,,831,955,1033,1181
CABEE_59,Business exits by turnover - year ended 30 June,Number of business exits with turnover of $50k to less than $200k,,,,,,581,571,576,660
CABEE_60,Business exits by turnover - year ended 30 June,Number of business exits with turnover of $200k to less than $2m,,,,,,385,359,323,390
CABEE_61,Business exits by turnover - year ended 30 June,Number of business exits with turnover of $2m to less than $5m,,,,,,33,14,25,22
CABEE_62,Business exits by turnover - year ended 30 June,Number of business exits with turnover of $5m to less than $10m,,,,,,7,7,4,
CABEE_63,Business exits by turnover - year ended 30 June,Number of business exits with turnover of $10m or more,,,,,,5,3,3,4
BUILDING_2,Building approvals - year ended 30 June,Private sector houses (no.),,,,813,1180,1440,1378,1670,1139
BUILDING_3,Building approvals - year ended 30 June,Private sector dwellings excluding houses (no.),,,,218,189,136,133,156,220
BUILDING_12,Building approvals - year ended 30 June,Total private sector dwelling units (no.),,,,1031,1369,1576,1511,1826,1359
BUILDING_4,Building approvals - year ended 30 June,Total dwelling units (no.),,,,1046,1437,1684,1592,1889,1473
BUILDING_5,Building approvals - year ended 30 June,Value of private sector houses ($m),,,,261,369,476,444,598,480
BUILDING_6,Building approvals - year ended 30 June,Value of private sector dwellings excluding houses ($m),,,,50,46,45,40,55,82
BUILDING_7,Building approvals - year ended 30 June,Total value of private sector dwelling units ($m),,,,311,415,520,484,653,562
BUILDING_8,Building approvals - year ended 30 June,Value of residential building ($m),,,,321,437,550,515,682,595
BUILDING_9,Building approvals - year ended 30 June,Value of non-residential building ($m),,,,261,426,415,331,333,402
BUILDING_10,Building approvals - year ended 30 June,Value of total building ($m),,,,582,863,965,845,1016,997
HOUSES_2,Residential property transfers - year ended 30 June,Number of established house transfers (no.),,,3693,4032,3917,3543,3175,3131,
HOUSES_3,Residential property transfers - year ended 30 June,Median price of established house transfers ($),,,360000,386500,430000,468000,510000,589490,
HOUSES_4,Residential property transfers - year ended 30 June,Number of attached dwelling transfers (no.),,,1264,1434,1522,1415,1222,1306,
HOUSES_5,Residential property transfers - year ended 30 June,Median price of attached dwelling transfers ($),,,300000,304150,340000,375000,400000,450000,
INSOLV_2,Debtors entering personal insolvencies - year ended 30 June,Debtors entering business related personal insolvencies (no.),,,49,54,46,35,33,11,
INSOLV_3,Debtors entering personal insolvencies - year ended 30 June,Debtors entering non-business related personal insolvencies (no.),,,209,238,256,218,157,89,
INSOLV_4,Debtors entering personal insolvencies - year ended 30 June,Total debtors entering personal insolvencies (no.),,,259,294,309,251,187,99,
INSOLV_10,Occupations of debtors entering personal insolvencies - year ended 30 June,Managers (no.),,,19,28,39,30,27,6,
INSOLV_11,Occupations of debtors entering personal insolvencies - year ended 30 June,Professionals (no.),,,31,21,23,19,10,3,
INSOLV_12,Occupations of debtors entering personal insolvencies - year ended 30 June,Technicians and trades workers (no.),,,32,46,33,41,17,9,
INSOLV_13,Occupations of debtors entering personal insolvencies - year ended 30 June,Community and personal service workers (no.),,,31,38,39,30,25,11,
INSOLV_14,Occupations of debtors entering personal insolvencies - year ended 30 June,Clerical and administrative workers (no.),,,30,36,36,28,25,9,
INSOLV_15,Occupations of debtors entering personal insolvencies - year ended 30 June,Sales workers (no.),,,30,31,26,18,12,9,
INSOLV_16,Occupations of debtors entering personal insolvencies - year ended 30 June,Machinery operators and drivers (no.),,,29,14,23,17,10,8,
INSOLV_17,Occupations of debtors entering personal insolvencies - year ended 30 June,Labourers (no.),,,29,38,43,43,22,11,
INSOLV_18,Occupations of debtors entering personal insolvencies - year ended 30 June,Debtors with other or unknown occupations (no.),,,39,38,33,26,33,29,
MVC_14,Registered motor vehicles - Type of vehicle - at 31 January,Passenger vehicles (no.),,,140035,143774,147733,151827,156509,,
MVC_15,Registered motor vehicles - Type of vehicle - at 31 January,Campervans (no.),,,1717,1787,1843,1898,1992,,
MVC_16,Registered motor vehicles - Type of vehicle - at 31 January,Light commercial vehicles (no.),,,34612,35924,37366,38806,40227,,
MVC_17,Registered motor vehicles - Type of vehicle - at 31 January,Light rigid trucks (no.),,,1366,1449,1527,1663,1745,,
MVC_18,Registered motor vehicles - Type of vehicle - at 31 January,Heavy rigid trucks (no.),,,2845,2941,3053,3201,3305,,
MVC_19,Registered motor vehicles - Type of vehicle - at 31 January,Articulated trucks (no.),,,298,287,312,327,360,,
MVC_20,Registered motor vehicles - Type of vehicle - at 31 January,Non-freight carrying trucks (no.),,,775,769,756,756,783,,
MVC_21,Registered motor vehicles - Type of vehicle - at 31 January,Buses (no.),,,1198,1201,1256,1311,1420,,
MVC_22,Registered motor vehicles - Type of vehicle - at 31 January,Motorcycles (no.),,,7155,7450,7651,7628,7780,,
MVC_38,Registered motor vehicles - Type of vehicle - at 31 January,Total registered motor vehicles (no.),,,189986,195564,201504,207434,214066,,
MVC_29,Registered motor vehicles - Type of fuel - at 31 January,Petrol (no.),,,152535,154693,156923,159264,162517,,
MVC_30,Registered motor vehicles - Type of fuel - at 31 January,Diesel (no.),,,36321,39772,43530,47035,50591,,
MVC_31,Registered motor vehicles - Type of fuel - at 31 January,LPG/dual/other (no.),,,1097,1028,938,909,660,,
MVC_33,Registered motor vehicles - Type of fuel - at 31 January,Electric (no.),,,91,76,93,157,284,,
MVC_35,Registered motor vehicles - Year of manufacture - at 31 January,Less than 5 years (no.),,,45225,47782,50016,50670,52495,,
MVC_36,Registered motor vehicles - Year of manufacture - at 31 January,5 to 10 years (no.),,,45968,45070,45185,46727,48809,,
MVC_37,Registered motor vehicles - Year of manufacture - at 31 January,Over 10 years (no.),,,98778,102678,106269,110044,112775,,
EMP_IND_2,Industry of employment - Persons aged 15 years and over - Census,"Agriculture, forestry and fishing (%)",1.6,,1.9,,,,,2,
EMP_IND_3,Industry of employment - Persons aged 15 years and over - Census,Mining (%),0.3,,0.3,,,,,0.3,
EMP_IND_4,Industry of employment - Persons aged 15 years and over - Census,Manufacturing (%),6.3,,5.2,,,,,5.1,
EMP_IND_5,Industry of employment - Persons aged 15 years and over - Census,"Electricity, gas water and waste services (%)",2.1,,2,,,,,2.2,
EMP_IND_6,Industry of employment - Persons aged 15 years and over - Census,Construction (%),7.5,,7.5,,,,,8.5,
EMP_IND_7,Industry of employment - Persons aged 15 years and over - Census,Wholesale trade (%),2.7,,1.8,,,,,1.7,
EMP_IND_8,Industry of employment - Persons aged 15 years and over - Census,Retail trade (%),11.4,,10.8,,,,,9.4,
EMP_IND_9,Industry of employment - Persons aged 15 years and over - Census,Accommodation and food services (%),7.1,,7.8,,,,,7.8,
EMP_IND_10,Industry of employment - Persons aged 15 years and over - Census,"Transport, postal and warehousing (%)",3.5,,3.5,,,,,3.3,
EMP_IND_11,Industry of employment - Persons aged 15 years and over - Census,Information media and telecommunications (%),2.1,,1.9,,,,,1.3,
EMP_IND_12,Industry of employment - Persons aged 15 years and over - Census,Financial and insurance services (%),2.8,,2.5,,,,,2.2,
EMP_IND_13,Industry of employment - Persons aged 15 years and over - Census,"Rental, hiring and real estate services (%)",1.4,,1.3,,,,,1.2,
EMP_IND_14,Industry of employment - Persons aged 15 years and over - Census,"Professional, scientific and technical services (%)",6.2,,6,,,,,6.4,
EMP_IND_15,Industry of employment - Persons aged 15 years and over - Census,Administrative and support services (%),2.5,,2.9,,,,,2.9,
EMP_IND_16,Industry of employment - Persons aged 15 years and over - Census,Public administration and safety (%),12.2,,10.7,,,,,10,
EMP_IND_17,Industry of employment - Persons aged 15 years and over - Census,Education and training (%),9.6,,10.1,,,,,10.5,
EMP_IND_18,Industry of employment - Persons aged 15 years and over - Census,Health care and social assistance (%),12.8,,14.8,,,,,16.8,
EMP_IND_19,Industry of employment - Persons aged 15 years and over - Census,Arts and recreation services (%),2.1,,2.3,,,,,2.3,
EMP_IND_20,Industry of employment - Persons aged 15 years and over - Census,Other services (%),3.7,,3.7,,,,,3.7,
EMP_IND_22,Industry of employment - Persons aged 15 years and over - Census,Industry of employment inadequately described or not stated (%),1.9,,3,,,,,2.5,
EMP_IND_21,Industry of employment - Persons aged 15 years and over - Census,Total persons employed aged 15 years and over (no.),96873,,98886,,,,,118720,
DWELLSTOCK_2,Estimated dwelling stock - June quarter,Houses - additions (no.),,,,767,782,1247,1238,1306,1471
DWELLSTOCK_3,Estimated dwelling stock - June quarter,Houses - removals (no.),,,,32,30,40,23,34,27
DWELLSTOCK_4,Estimated dwelling stock - June quarter,Houses - total (no.),,,,84772,85524,86731,87946,89218,90662
DWELLSTOCK_5,Estimated dwelling stock - June quarter,Townhouses - additions (no.),,,,74,246,154,162,145,63
DWELLSTOCK_6,Estimated dwelling stock - June quarter,Townhouses - removals (no.),,,,,7,2,1,6,1
DWELLSTOCK_7,Estimated dwelling stock - June quarter,Townhouses - total (no.),,,,6201,6440,6592,6753,6892,6954
DWELLSTOCK_8,Estimated dwelling stock - June quarter,Apartments - additions (no.),,,,76,32,60,44,57,55
DWELLSTOCK_9,Estimated dwelling stock - June quarter,Apartments - removals (no.),,,,,39,1,,,
DWELLSTOCK_10,Estimated dwelling stock - June quarter,Apartments - total (no.),,,,9178,9171,9230,9274,9331,9386
DWELLSTOCK_11,Estimated dwelling stock - June quarter,Total dwelling additions (no.),,,,917,1060,1461,1444,1508,1589
DWELLSTOCK_12,Estimated dwelling stock - June quarter,Total dwelling removals (no.),,,,32,76,43,24,40,28
DWELLSTOCK_13,Estimated dwelling stock - June quarter,Total dwellings (no.),,,,100379,101363,102781,104201,105669,107230
INCOME_4,Personal income in Australia - year ended 30 June,Employee income earners (no.),,,110477,114304,117223,122260,,,
INCOME_20,Personal income in Australia - year ended 30 June,Employee income earners - median age (years),,,40,40,39,39,,,
INCOME_3,Personal income in Australia - year ended 30 June,Total employee income ($m),,,5813.4,6085.6,6400,6855.9,,,
INCOME_2,Personal income in Australia - year ended 30 June,Median employee income ($),,,46800,47230,48423,50000,,,
INCOME_21,Personal income in Australia - year ended 30 June,Mean employee income ($),,,52621,53241,54597,56077,,,
INCOME_22,Personal income in Australia - year ended 30 June,Employee income as main source of income (%),,,76.6,77,77.1,77.4,,,
INCOME_7,Personal income in Australia - year ended 30 June,Own unincorporated business income earners (no.),,,17401,17867,18745,19172,,,
INCOME_23,Personal income in Australia - year ended 30 June,Own unincorporated business income earners - median age (years),,,49,48,47,47,,,
INCOME_6,Personal income in Australia - year ended 30 June,Total own unincorporated business income ($m),,,433.9,462.4,490.4,520.9,,,
INCOME_5,Personal income in Australia - year ended 30 June,Median own unincorporated business income ($),,,11727,12005,11742,11629,,,
INCOME_24,Personal income in Australia - year ended 30 June,Mean own unincorporated business income ($),,,24936,25882,26163,27169,,,
INCOME_25,Personal income in Australia - year ended 30 June,Own unincorporated business income as main source of income (%),,,7.5,7.3,7.2,7,,,
INCOME_10,Personal income in Australia - year ended 30 June,Investment income earners (no.),,,83873,83956,85947,93637,,,
INCOME_26,Personal income in Australia - year ended 30 June,Investment income earners - median age (years),,,48,48,48,46,,,
INCOME_9,Personal income in Australia - year ended 30 June,Total investment income ($m),,,587.1,590.4,652.8,689.2,,,
INCOME_8,Personal income in Australia - year ended 30 June,Median investment income ($),,,228,223,216,179,,,
INCOME_27,Personal income in Australia - year ended 30 June,Mean investment income ($),,,7000,7032,7595,7361,,,
INCOME_28,Personal income in Australia - year ended 30 June,Investment income as main source of income (%),,,11.1,11,11,11,,,
INCOME_13,Personal income in Australia - year ended 30 June,Superannuation and annuity income earners (no.),,,8144,8095,7894,7988,,,
INCOME_29,Personal income in Australia - year ended 30 June,Superannuation and annuity income earners - median age (years),,,63,63,64,65,,,
INCOME_12,Personal income in Australia - year ended 30 June,Total superannuation and annuity income ($m),,,227.6,233.6,235.4,248.2,,,
INCOME_11,Personal income in Australia - year ended 30 June,Median superannuation and annuity income ($),,,23058,23856,24934,26135,,,
INCOME_30,Personal income in Australia - year ended 30 June,Mean superannuation and annuity income ($),,,27947,28863,29822,31068,,,
INCOME_31,Personal income in Australia - year ended 30 June,Superannuation and annuity income as main source of income (%),,,4.2,4.1,4.1,4,,,
INCOME_19,Personal income in Australia - year ended 30 June,Total income earners (excl. Government pensions and allowances) (no.),,,122676,127493,132221,137631,,,
INCOME_35,Personal income in Australia - year ended 30 June,Total income earners (excl. Government pensions and allowances) - median age (years),,,44,44,43,43,,,
INCOME_18,Personal income in Australia - year ended 30 June,Total income (excl. Government pensions and allowances) ($m),,,6799.9,7133,7547,8055.1,,,
INCOME_17,Personal income in Australia - year ended 30 June,Median total income (excl. Government pensions and allowances) ($),,,46411,46865,47770,49313,,,
INCOME_36,Personal income in Australia - year ended 30 June,Mean total income (excl. Government pensions and allowances) ($),,,55430,55948,57079,58527,,,
INCOME_37,Personal income in Australia - year ended 30 June,Total income (excl. Government pensions and allowances) - p80/P20 ratio,,,4.41,4.55,4.7,4.61,,,
INCOME_38,Personal income in Australia - year ended 30 June,Total income (excl. Government pensions and allowances) - p80/P50 ratio,,,1.76,1.76,1.77,1.76,,,
INCOME_39,Personal income in Australia - year ended 30 June,Total income (excl. Government pensions and allowances) - p20/P50 ratio,,,0.4,0.39,0.38,0.38,,,
INCOME_40,Personal income in Australia - year ended 30 June,Total income (excl. Government pensions and allowances) - p10/P50 ratio,,,0.17,0.16,0.15,0.16,,,
INCOME_41,Personal income in Australia - year ended 30 June,Total income (excl. Government pensions and allowances) - gini coefficient,,,0.441,0.444,0.448,0.442,,,
INCOME_42,Personal income in Australia - year ended 30 June,Total income (excl. Government pensions and allowances) - income share of top 1% of earners,,,7.6,7.5,7.7,7.4,,,
INCOME_43,Personal income in Australia - year ended 30 June,Total income (excl. Government pensions and allowances) - income share of top 5% of earners,,,19.6,19.6,19.8,19.4,,,
INCOME_44,Personal income in Australia - year ended 30 June,Total income (excl. Government pensions and allowances) - income share of top 10% of earners,,,30,30,30.3,29.8,,,
INCOME_45,Personal income in Australia - year ended 30 June,Total income (excl. Government pensions and allowances) - lowest Quartile (%),,,24.2,24.7,25.3,25.3,,,
INCOME_46,Personal income in Australia - year ended 30 June,Total income (excl. Government pensions and allowances) - second Quartile (%),,,27.2,27,26.9,26.9,,,
INCOME_47,Personal income in Australia - year ended 30 June,Total income (excl. Government pensions and allowances) - third Quartile (%),,,27.7,27.5,27.1,27.2,,,
INCOME_48,Personal income in Australia - year ended 30 June,Total income (excl. Government pensions and allowances) - highest Quartile (%),,,20.8,20.9,20.7,20.6,,,
CAPGAINS_1,Gross capital gains - year ended 30 June,Persons who reported gross capital gains (no.),,,8375,8950,9585,9281,10176,,
CAPGAINS_2,Gross capital gains - year ended 30 June,Total value of gross capital gains ($m),,,260.5,268.8,454.2,292.1,318.4,,
CAPGAINS_3,Gross capital gains - year ended 30 June,Median value of gross capital gains ($),,,2328,3159,3990,2968,2900,,
CAPGAINS_4,Gross capital gains - year ended 30 June,Mean value of gross capital gains ($),,,31099,30033,47389,31476,31289,,
PENSION_2,Selected Government pensions and allowances - at 30 June,Age pension (no.),,,,26792,26564,26960,27030,27242,26602
PENSION_3,Selected Government pensions and allowances - at 30 June,Age pension - Department of Veterans' Affairs (no.),,,,,,,,36,36
PENSION_4,Selected Government pensions and allowances - at 30 June,Service pension - Department of Veterans' Affairs (no.),,,,,,,,949,931
PENSION_5,Selected Government pensions and allowances - at 30 June,Income support supplement - Department of Veterans' Affairs (no.),,,,,,,,402,405
PENSION_6,Selected Government pensions and allowances - at 30 June,Carer payment (no.),,,,2931,2988,3004,3061,3122,3115
PENSION_16,Selected Government pensions and allowances - at 30 June,Carer allowance (no.),,,,6231,6344,6297,6237,6217,6239
PENSION_7,Selected Government pensions and allowances - at 30 June,Disability support pension (no.),,,,11010,10988,10857,10943,10929,11157
PENSION_9,Selected Government pensions and allowances - at 30 June,JobSeeker payment (no.),,,,,,,13397,9605,8429
PENSION_8,Selected Government pensions and allowances - at 30 June,Newstart allowance (no.),,,,8006,8027,7248,,,
PENSION_10,Selected Government pensions and allowances - at 30 June,Parenting payment - single (no.),,,,3088,2927,2657,2773,2639,2602
PENSION_17,Selected Government pensions and allowances - at 30 June,Parenting payment - partnered (no.),,,,1018,797,700,840,705,609
PENSION_11,Selected Government pensions and allowances - at 30 June,Youth allowance (full time students/apprentices) (no.),,,,2296,2128,2023,2313,2185,1897
PENSION_12,Selected Government pensions and allowances - at 30 June,Youth allowance (other) (no.),,,,1491,1437,1238,2143,1562,1207
PENSION_13,Selected Government pensions and allowances - at 30 June,Family tax benefit A (no.),,,,16306,15600,14784,14377,14472,14257
PENSION_14,Selected Government pensions and allowances - at 30 June,Family tax benefit B (no.),,,,12706,12323,11857,11523,11772,11327
PENSION_18,Selected Government pensions and allowances - at 30 June,Commonwealth rent assistance (no.),,,,15460,15067,14351,17521,15787,15895
PERSINC_2,Total personal income (weekly) - Persons aged 15 years and over - Census,$1-$499 per week (%),,,30.8,,,,,24.9,
PERSINC_3,Total personal income (weekly) - Persons aged 15 years and over - Census,$500-$999 per week (%),,,26.1,,,,,25.2,
PERSINC_4,Total personal income (weekly) - Persons aged 15 years and over - Census,$1000-$1999 per week (%),,,22.6,,,,,27.7,
PERSINC_5,Total personal income (weekly) - Persons aged 15 years and over - Census,$2000-$2999 per week (%),,,3.7,,,,,6.3,
PERSINC_6,Total personal income (weekly) - Persons aged 15 years and over - Census,$3000 or more per week (%),,,1.9,,,,,3,
PERSINC_7,Total personal income (weekly) - Persons aged 15 years and over - Census,Nil income (%),,,6.7,,,,,6.8,
PERSINC_8,Total personal income (weekly) - Persons aged 15 years and over - Census,Negative income (%),,,0.3,,,,,0.6,
PERSINC_9,Total personal income (weekly) - Persons aged 15 years and over - Census,Income inadequately described or not stated (%),,,7.8,,,,,5.6,
EQUIV_2,Equivalised total household income (weekly) - Census,Median equivalised total household income (weekly) ($),703,,798,,,,,985,
EQUIV_3,Equivalised total household income (weekly) - Census,$1-$499 per week (%),,,23.6,,,,,17.1,
EQUIV_4,Equivalised total household income (weekly) - Census,$500-$999 per week (%),,,31.9,,,,,29.2,
EQUIV_5,Equivalised total household income (weekly) - Census,$1000-$1999 per week (%),,,28.1,,,,,34.8,
EQUIV_6,Equivalised total household income (weekly) - Census,$2000-$2999 per week (%),,,4.6,,,,,8,
EQUIV_7,Equivalised total household income (weekly) - Census,$3000 or more per week (%),,,1.6,,,,,3.1,
EQUIV_8,Equivalised total household income (weekly) - Census,Nil income (%),,,1,,,,,1.2,
EQUIV_9,Equivalised total household income (weekly) - Census,Partial income stated (%),,,6.9,,,,,5.1,
EQUIV_10,Equivalised total household income (weekly) - Census,All incomes not stated (%),,,2.3,,,,,1.5,
PRESCH_2,Children enrolled in a preschool or preschool program (4 and 5 year olds),4 year olds enrolled in preschool or preschool program (no.),,,,2159,2239,2183,2301,2214,
PRESCH_3,Children enrolled in a preschool or preschool program (4 and 5 year olds),5 year olds enrolled in preschool or preschool program (no.),,,,1463,1454,1480,1416,1561,
PRESCH_5,Children enrolled in a preschool or preschool program (4 and 5 year olds),Children enrolled in preschool (no.),,,,2220,2243,2223,2177,2128,
PRESCH_6,Children enrolled in a preschool or preschool program (4 and 5 year olds),Children enrolled in preschool program within centre based day care (no.),,,,931,945,892,1048,1021,
PRESCH_7,Children enrolled in a preschool or preschool program (4 and 5 year olds),Children enrolled across more than one provider type (no.),,,,461,485,562,512,608,
PRESCH_8,Children enrolled in a preschool or preschool program (4 and 5 year olds),Children enrolled in a preschool or preschool program (no.),,,,3640,3696,3678,3733,3777,
PRESCH_10,Children attending a preschool or preschool program (4 and 5 year olds),Children attending preschool for less than 15 hours (no.),,,,764,629,643,529,604,
PRESCH_11,Children attending a preschool or preschool program (4 and 5 year olds),Children attending preschool for 15 hours or more (no.),,,,2765,3004,2983,3168,3149,
HELP_2,Higher Education Loan Program (HELP) - year ended 30 June,Persons who made a HELP repayment (no.),,,4616,5341,5470,7218,9138,,
LEED_2,Jobs in Australia - year ended 30 June,Number of jobs held by females,,,84068,87609,89766,93116,93850,,
LEED_3,Jobs in Australia - year ended 30 June,Number of jobs held by males,,,82857,86194,89649,93771,95078,,
LEED_4,Jobs in Australia - year ended 30 June,Number of jobs,,,166923,173803,179418,186891,188927,,
LEED_5,Jobs in Australia - year ended 30 June,"Number of employee jobs - agriculture, forestry and fishing",,,4737,5363,6344,6071,6377,,
LEED_6,Jobs in Australia - year ended 30 June,Number of employee jobs - mining,,,20,304,275,315,333,,
LEED_7,Jobs in Australia - year ended 30 June,Number of employee jobs - manufacturing,,,8411,7689,7816,8380,8365,,
LEED_8,Jobs in Australia - year ended 30 June,"Number of employee jobs - electricity, gas water and waste services",,,2269,2391,2447,2558,2020,,
LEED_9,Jobs in Australia - year ended 30 June,Number of employee jobs - construction,,,7181,7340,7629,8661,9080,,
LEED_10,Jobs in Australia - year ended 30 June,Number of employee jobs - wholesale trade,,,4096,4265,4102,4357,4290,,
LEED_11,Jobs in Australia - year ended 30 June,Number of employee jobs - retail trade,,,15353,15856,15677,16199,16390,,
LEED_12,Jobs in Australia - year ended 30 June,Number of employee jobs - accommodation and food services,,,13796,15125,16211,15701,16181,,
LEED_13,Jobs in Australia - year ended 30 June,"Number of employee jobs - transport, postal and warehousing",,,4719,4875,5155,4625,4515,,
LEED_14,Jobs in Australia - year ended 30 June,Number of employee jobs - information media and telecommunications,,,2561,2317,2242,2361,2145,,
LEED_15,Jobs in Australia - year ended 30 June,Number of employee jobs - finance and insurance services,,,5038,4955,4801,5329,5549,,
LEED_16,Jobs in Australia - year ended 30 June,"Number of employee jobs - rental, hiring and real estate services",,,2267,2425,2541,2564,2505,,
LEED_17,Jobs in Australia - year ended 30 June,"Number of employee jobs - professional, scientific and technical services",,,7461,8239,8289,8905,9106,,
LEED_18,Jobs in Australia - year ended 30 June,Number of employee jobs - administrative and support services,,,9374,10384,11289,12115,11498,,
LEED_19,Jobs in Australia - year ended 30 June,Number of employee jobs - public administration and safety,,,12301,13788,13257,15380,14272,,
LEED_20,Jobs in Australia - year ended 30 June,Number of employee jobs - education and training,,,16321,16553,16881,17599,18401,,
LEED_21,Jobs in Australia - year ended 30 June,Number of employee jobs - health care and social assistance,,,20334,21635,22401,23569,24812,,
LEED_22,Jobs in Australia - year ended 30 June,Number of employee jobs - arts and recreation services,,,2985,3013,3108,3319,3559,,
LEED_23,Jobs in Australia - year ended 30 June,Number of employee jobs - other services,,,5389,5578,5506,5708,5921,,
LEED_24,Jobs in Australia - year ended 30 June,Number of employee jobs - total,,,149464,155954,160673,167718,168928,,
HIGH_2,Highest year of school completed - Persons aged 15 years and over who are no longer attending primary or secondary school - Census,Completed year 12 or equivalent (%),44.7,,48.2,,,,,56.7,
HIGH_3,Highest year of school completed - Persons aged 15 years and over who are no longer attending primary or secondary school - Census,Completed year 11 or equivalent (%),8.1,,7.8,,,,,7.1,
HIGH_4,Highest year of school completed - Persons aged 15 years and over who are no longer attending primary or secondary school - Census,Completed year 10 or equivalent (%),27.6,,25.8,,,,,22.9,
HIGH_5,Highest year of school completed - Persons aged 15 years and over who are no longer attending primary or secondary school - Census,Completed year 9 or equivalent (%),6.6,,5.8,,,,,4.6,
HIGH_6,Highest year of school completed - Persons aged 15 years and over who are no longer attending primary or secondary school - Census,Completed year 8 or below (%),4.8,,3.7,,,,,2.7,
HIGH_8,Highest year of school completed - Persons aged 15 years and over who are no longer attending primary or secondary school - Census,Highest year of school completed not stated (%),7.8,,8.3,,,,,5.5,
HIGH_7,Highest year of school completed - Persons aged 15 years and over who are no longer attending primary or secondary school - Census,Did not go to school (%),0.4,,0.5,,,,,0.5,
SCHOOL_2,Non-school qualifications - Persons aged 15 years and over - Census,Total persons with non-school qualification(s) (%),54.9,,58.6,,,,,63.8,
SCHOOL_3,Non-school qualifications - Persons aged 15 years and over - Census,Postgraduate degree (%),3.5,,4.7,,,,,8.8,
SCHOOL_4,Non-school qualifications - Persons aged 15 years and over - Census,Graduate diploma/graduate certificate (%),2,,2.4,,,,,2.9,
SCHOOL_5,Non-school qualifications - Persons aged 15 years and over - Census,Bachelor degree (%),13.2,,14.1,,,,,17.5,
SCHOOL_6,Non-school qualifications - Persons aged 15 years and over - Census,Advanced diploma/diploma (%),7.1,,7.9,,,,,8.2,
SCHOOL_7,Non-school qualifications - Persons aged 15 years and over - Census,Certificate (%),18.8,,19.7,,,,,19.3,
SCHOOL_9,Non-school qualifications - Persons aged 15 years and over - Census,Non-school qualification inadequately described (%),1,,0.8,,,,,0.6,
SCHOOL_10,Non-school qualifications - Persons aged 15 years and over - Census,Non-school qualification not stated (%),9.2,,9,,,,,6.5,
FIELD_2,Non-school qualifications - Field of study - Persons aged 15 years and over - Census,Natural and physical sciences (%),3.8,,4,,,,,4.1,
FIELD_3,Non-school qualifications - Field of study - Persons aged 15 years and over - Census,Information technology (%),2.3,,2.4,,,,,3.7,
FIELD_4,Non-school qualifications - Field of study - Persons aged 15 years and over - Census,Engineering and related technologies (%),13.6,,12.5,,,,,11,
FIELD_5,Non-school qualifications - Field of study - Persons aged 15 years and over - Census,Architecture and building (%),6.3,,6.1,,,,,5.5,
FIELD_6,Non-school qualifications - Field of study - Persons aged 15 years and over - Census,"Agriculture, environmental and related studies (%)",2.2,,2.2,,,,,2.1,
FIELD_7,Non-school qualifications - Field of study - Persons aged 15 years and over - Census,Health (%),10,,10.2,,,,,10.9,
FIELD_8,Non-school qualifications - Field of study - Persons aged 15 years and over - Census,Education (%),8.1,,8.2,,,,,8.1,
FIELD_9,Non-school qualifications - Field of study - Persons aged 15 years and over - Census,Management and commerce (%),15.7,,16.2,,,,,20.1,
FIELD_10,Non-school qualifications - Field of study - Persons aged 15 years and over - Census,Society and culture (%),12.3,,13.5,,,,,13.7,
FIELD_11,Non-school qualifications - Field of study - Persons aged 15 years and over - Census,Creative arts (%),3.3,,3.4,,,,,3.7,
FIELD_12,Non-school qualifications - Field of study - Persons aged 15 years and over - Census,"Food, hospitality and personal services (%)",5.4,,5.3,,,,,5,
FIELD_13,Non-school qualifications - Field of study - Persons aged 15 years and over - Census,Mixed field programmes (%),0.1,,0.3,,,,,0.2,
FIELD_15,Non-school qualifications - Field of study - Persons aged 15 years and over - Census,Field of study inadequately described (%),1.3,,1.4,,,,,1.6,
FIELD_16,Non-school qualifications - Field of study - Persons aged 15 years and over - Census,Field of study not stated (%),15.6,,14.3,,,,,10.2,
YOUTH_2,Youth engagement in work/study - Persons aged 15-19 years - Census,Working full-time and studying part-time (%),2.2,,1.5,,,,,2.2,
YOUTH_3,Youth engagement in work/study - Persons aged 15-19 years - Census,Working part time and studying part-time (%),1.6,,1.3,,,,,1.7,
YOUTH_4,Youth engagement in work/study - Persons aged 15-19 years - Census,Working part-time and studying full-time (%),19.8,,21.8,,,,,23.7,
YOUTH_5,Youth engagement in work/study - Persons aged 15-19 years - Census,Working full-time (not studying) (%),7.3,,4.5,,,,,4,
YOUTH_6,Youth engagement in work/study - Persons aged 15-19 years - Census,Studying full-time (not working) (%),45.8,,48.4,,,,,45.6,
YOUTH_7,Youth engagement in work/study - Persons aged 15-19 years - Census,Working full-time and studying full-time (%),0.3,,0.2,,,,,0.5,
YOUTH_10,Youth engagement in work/study - Persons aged 15-19 years - Census,Working (away from work) and studying full-time (%),1.4,,1.3,,,,,1.4,
YOUTH_11,Youth engagement in work/study - Persons aged 15-19 years - Census,Other fully engaged (%),1.1,,1,,,,,0.6,
YOUTH_8,Youth engagement in work/study - Persons aged 15-19 years - Census,Total fully engaged (%),79.4,,79.9,,,,,79.9,
YOUTH_9,Youth engagement in work/study - Persons aged 15-19 years - Census,Total persons aged 15-19 years (no.),13781,,13566,,,,,13323,
LF_6,Labour force status - Persons aged 15 years and over - Census,Employed (no.),96873,,98886,,,,,118720,
LF_3,Labour force status - Persons aged 15 years and over - Census,Unemployed (no.),5900,,6785,,,,,7818,
LF_2,Labour force status - Persons aged 15 years and over - Census,In the Labour force (no.),102769,,105671,,,,,126541,
LF_4,Labour force status - Persons aged 15 years and over - Census,Unemployment rate (%),5.7,,6.4,,,,,6.2,
LF_5,Labour force status - Persons aged 15 years and over - Census,Participation rate (%),59.8,,58,,,,,61.6,
LF_7,Labour force status - Persons aged 15 years and over - Census,Not in the labour force (%),35.7,,36.3,,,,,34.1,
LF_8,Labour force status - Persons aged 15 years and over - Census,Labour force status not stated (%),4.5,,5.7,,,,,4.4,
LF_9,Labour force status - Persons aged 15 years and over - Census,Total persons aged 15 years and over (no.),171884,,182260,,,,,205506,
EMP_OCC_2,Occupation of employed persons - Persons aged 15 years and over - Census,Managers (%),11.4,,11.3,,,,,12.3,
EMP_OCC_3,Occupation of employed persons - Persons aged 15 years and over - Census,Professionals (%),22.4,,22.6,,,,,24,
EMP_OCC_4,Occupation of employed persons - Persons aged 15 years and over - Census,Technicians and trades workers (%),13.8,,13.3,,,,,13.2,
EMP_OCC_5,Occupation of employed persons - Persons aged 15 years and over - Census,Community and personal service workers (%),11.5,,12.8,,,,,14,
EMP_OCC_6,Occupation of employed persons - Persons aged 15 years and over - Census,Clerical and administrative workers (%),16.1,,14.7,,,,,12.9,
EMP_OCC_7,Occupation of employed persons - Persons aged 15 years and over - Census,Sales workers (%),9.9,,9.7,,,,,8.4,
EMP_OCC_8,Occupation of employed persons - Persons aged 15 years and over - Census,Machinery operators and drivers (%),4.6,,4.5,,,,,4.5,
EMP_OCC_9,Occupation of employed persons - Persons aged 15 years and over - Census,Labourers (%),8.8,,9.2,,,,,9,
EMP_OCC_10,Occupation of employed persons - Persons aged 15 years and over - Census,Occupation inadequately described or not stated (%),1.5,,1.7,,,,,1.8,
PRIVATE_2,Private health insurance - year ended 30 June,Persons who reported having private health insurance (no.),,,83518,84188,82891,83902,84996,,
ACTIV_3,Core activity need for assistance - Census,Persons who have need for assistance with core activities (no.),11518,,13361,,,,,15360,
ACTIV_2,Core activity need for assistance - Census,Persons who have need for assistance with core activities (%),5.4,,6,,,,,6.2,
LTHLTH_2,Long-term health conditions - Census,Arthritis (%),,,,,,,,11.1,
LTHLTH_3,Long-term health conditions - Census,Asthma (%),,,,,,,,8.8,
LTHLTH_4,Long-term health conditions - Census,Cancer (including remission) (%),,,,,,,,3.2,
LTHLTH_5,Long-term health conditions - Census,Dementia (including Alzheimers) (%),,,,,,,,0.9,
LTHLTH_6,Long-term health conditions - Census,Diabetes (excluding gestational diabetes) (%),,,,,,,,4.5,
LTHLTH_7,Long-term health conditions - Census,Heart disease (including heart attack or angina) (%),,,,,,,,4.1,
LTHLTH_8,Long-term health conditions - Census,Kidney disease (%),,,,,,,,1,
LTHLTH_9,Long-term health conditions - Census,Lung condition (including COPD or emphysema) (%),,,,,,,,2,
LTHLTH_10,Long-term health conditions - Census,Mental health condition (including depression or anxiety) (%),,,,,,,,11.6,
LTHLTH_11,Long-term health conditions - Census,Stroke (%),,,,,,,,1.1,
LTHLTH_12,Long-term health conditions - Census,Other long-term health condition(s) (%),,,,,,,,8.8,
LTHLTH_13,Long-term health conditions - Census,No long-term health condition(s) (%),,,,,,,,56.8,
GIFTS2,Gifts and donations - year ended 30 June,Persons who made a gift or donation deduction (no.),,,47853,48106,46119,45198,46602,,
GIFTS3,Gifts and donations - year ended 30 June,Median value of gift and donation deductions ($),,,100,100,100,100,100,,
WORK_TRAV_3,Method of travel to work - Employed persons aged 15 years and over - Census,Used one method - train (no.),30,,37,,,,,24,
WORK_TRAV_18,Method of travel to work - Employed persons aged 15 years and over - Census,Used one method - tram/light rail (no.),21,,19,,,,,6,
WORK_TRAV_4,Method of travel to work - Employed persons aged 15 years and over - Census,Used one method - bus (no.),4314,,4260,,,,,5075,
WORK_TRAV_19,Method of travel to work - Employed persons aged 15 years and over - Census,Used one method - ferry (no.),29,,11,,,,,87,
WORK_TRAV_5,Method of travel to work - Employed persons aged 15 years and over - Census,Used one method - car (as driver) (no.),58577,,61661,,,,,71274,
WORK_TRAV_21,Method of travel to work - Employed persons aged 15 years and over - Census,Used one method - car (as passenger) (no.),7305,,6370,,,,,6761,
WORK_TRAV_20,Method of travel to work - Employed persons aged 15 years and over - Census,Used one method - taxi or ride-share service (no.),303,,302,,,,,435,
WORK_TRAV_22,Method of travel to work - Employed persons aged 15 years and over - Census,Used one method - truck (no.),746,,621,,,,,697,
WORK_TRAV_6,Method of travel to work - Employed persons aged 15 years and over - Census,Used one method - motor bike/scooter (no.),488,,674,,,,,618,
WORK_TRAV_7,Method of travel to work - Employed persons aged 15 years and over - Census,Used one method - bicycle (no.),881,,1133,,,,,1315,
WORK_TRAV_8,Method of travel to work - Employed persons aged 15 years and over - Census,Used one method - other (no.),513,,536,,,,,483,
WORK_TRAV_9,Method of travel to work - Employed persons aged 15 years and over - Census,Used one method - walked only (no.),5265,,5476,,,,,5631,
WORK_TRAV_10,Method of travel to work - Employed persons aged 15 years and over - Census,Used one method - total persons (no.),78473,,81098,,,,,92395,
WORK_TRAV_12,Method of travel to work - Employed persons aged 15 years and over - Census,Used more than one method - total persons (no.),1479,,1546,,,,,2092,
WORK_TRAV_23,Method of travel to work - Employed persons aged 15 years and over - Census,"Used at least one form of public transport (train, tram, bus, ferry) (no.)",5232,,5163,,,,,6406,
WORK_TRAV_24,Method of travel to work - Employed persons aged 15 years and over - Census,Travelled to work by car (as a driver or passenger) as at least one method of travel (no.),67219,,69472,,,,,79927,
WORK_TRAV_14,Method of travel to work - Employed persons aged 15 years and over - Census,Worked from home (no.),3409,,3931,,,,,9649,
WORK_TRAV_15,Method of travel to work - Employed persons aged 15 years and over - Census,Employed but did not go to work (no.),12211,,11414,,,,,14042,
WORK_TRAV_16,Method of travel to work - Employed persons aged 15 years and over - Census,Method of travel not stated (no.),1299,,900,,,,,536,
WORK_TRAV_17,Method of travel to work - Employed persons aged 15 years and over - Census,Total persons employed aged 15 years and over (no.),96873,,98886,,,,,118720,
HHTYPE_2,Household composition - Occupied private dwellings - Census,Lone person households (no.),23209,,24847,,,,,26263,
HHTYPE_3,Household composition - Occupied private dwellings - Census,Group households (no.),3152,,3370,,,,,4007,
HHTYPE_4,Household composition - Occupied private dwellings - Census,Family households (no.),55986,,57410,,,,,64705,
HHTYPE_5,Household composition - Occupied private dwellings - Census,Total households (no.),82352,,85627,,,,,94980,
HHTYPE_6,Household composition - Occupied private dwellings - Census,Average household size (no. of persons),2.4,,2.4,,,,,2.4,
FAMILY_2,Family composition - Families in family households - Census,Couple families with children under 15 and/or dependent students (no.),19126,,19218,,,,,21088,
FAMILY_3,Family composition - Families in family households - Census,Couple families with non-dependent children only (no.),3908,,3944,,,,,4593,
FAMILY_4,Family composition - Families in family households - Census,Couple families without children (no.),22486,,23356,,,,,27505,
FAMILY_5,Family composition - Families in family households - Census,One parent families with children under 15 and/or dependent students (no.),7430,,7612,,,,,7877,
FAMILY_6,Family composition - Families in family households - Census,One parent families with non-dependent children only (no.),2997,,3266,,,,,4067,
FAMILY_7,Family composition - Families in family households - Census,Other families (no.),820,,880,,,,,1052,
FAMILY_8,Family composition - Families in family households - Census,Total families (no.),56766,,58275,,,,,66185,
FAMILY_9,Family composition - Families in family households - Census,Average family size (no. of persons),2.9,,2.9,,,,,2.9,
MARRIAGE_2,Social marital status - Persons aged 15 years and over - Census,Married in a registered marriage (no.),70466,,70237,,,,,79320,
MARRIAGE_3,Social marital status - Persons aged 15 years and over - Census,Married in a de facto marriage (no.),18355,,20560,,,,,25427,
MARRIAGE_4,Social marital status - Persons aged 15 years and over - Census,Not married (no.),65440,,69548,,,,,81636,
MARRIAGE_5,Registered marital status - Persons aged 15 years and over - Census,Married (%),45.2,,44.1,,,,,43,
MARRIAGE_6,Registered marital status - Persons aged 15 years and over - Census,Never married (%),35.3,,36.3,,,,,38.7,
MARRIAGE_7,Registered marital status - Persons aged 15 years and over - Census,Widowed (%),6.3,,6,,,,,5.5,
MARRIAGE_8,Registered marital status - Persons aged 15 years and over - Census,Divorced (%),9.9,,10.2,,,,,9.7,
MARRIAGE_9,Registered marital status - Persons aged 15 years and over - Census,Separated (%),3.2,,3.3,,,,,3,
INTERNET_2,Access to internet at home - Occupied private dwellings - Census,Internet accessed from dwelling (%),,,80.6,,,,,,
INTERNET_3,Access to internet at home - Occupied private dwellings - Census,Internet not accessed from dwelling (%),,,17.1,,,,,,
INTERNET_4,Access to internet at home - Occupied private dwellings - Census,Access to internet at home inadequately described or not stated (%),,,2.3,,,,,,
RENT_4,Rent and mortgage payments - Occupied private dwellings - Census,Median weekly household rental payment ($),240,,265,,,,,350,
RENT_5,Rent and mortgage payments - Occupied private dwellings - Census,Median monthly household mortgage payment ($),1430,,1402,,,,,1517,
CHILDCAR_2,Unpaid child care - Persons aged 15 years and over - Census,Persons who did not provide child care (%),64.8,,64.6,,,,,67.8,
CHILDCAR_3,Unpaid child care - Persons aged 15 years and over - Census,Persons who cared for own child/children (%),19.4,,18.9,,,,,18.5,
CHILDCAR_4,Unpaid child care - Persons aged 15 years and over - Census,Persons who cared for other child/children (%),8.1,,8.1,,,,,7.7,
CHILDCAR_5,Unpaid child care - Persons aged 15 years and over - Census,Persons who cared for own child/children and other child/children (%),1.1,,0.9,,,,,5.1,
CHILDCAR_6,Unpaid child care - Persons aged 15 years and over - Census,Unpaid child care not stated (%),6.6,,7.4,,,,,1,
UNPAIDW_2,Unpaid work - Persons aged 15 years and over - Census,Persons who provided unpaid assistance to a person with a disability (%),11.7,,11.8,,,,,12.6,
UNPAIDW_3,Unpaid work - Persons aged 15 years and over - Census,Persons undertaking voluntary work for an organisation or group (%),19.0,,21.0,,,,,18.7,
CHILD_2,Average number of children per family - Families with children - Census,Average number of children per family (no.),1.8,,1.8,,,,,1.8,
HOUSE_2,Housing suitability - Occupied private dwellings - Census,Dwellings with extra bedrooms needed (no.),,,2208,,,,,3525,
HOUSE_3,Housing suitability - Occupied private dwellings - Census,Dwellings with bedrooms spare (no.),,,62718,,,,,68987,
HOUSE_4,Housing suitability - Occupied private dwellings - Census,Dwellings with no bedrooms needed or spare (no.),,,15544,,,,,17702,
DWELL_2,Dwelling structure - Occupied private dwellings - Census,Separate house (no.),67940,,72616,,,,,80846,
DWELL_3,Dwelling structure - Occupied private dwellings - Census,"Semi-detached, row or terrace house, townhouse etc. (no.)",5313,,5100,,,,,5768,
DWELL_4,Dwelling structure - Occupied private dwellings - Census,Flat or apartment (no.),8680,,7339,,,,,7759,
DWELL_5,Dwelling structure - Occupied private dwellings - Census,Other dwelling (no.),362,,355,,,,,396,
DWELL_6,Dwelling structure - Occupied private dwellings - Census,Dwelling structure not stated (no.),52,,226,,,,,205,
DWELL_7,Dwelling structure - Occupied private dwellings - Census,Total occupied private dwellings (no.),82352,,85627,,,,,94980,
TENURE_7,Tenure type - Occupied private dwellings - Census,Owned outright (no.),27701,,28209,,,,,32223,
TENURE_8,Tenure type - Occupied private dwellings - Census,Owned with a mortgage (no.),29492,,30134,,,,,32686,
TENURE_9,Tenure type - Occupied private dwellings - Census,Rented (no.),22070,,23872,,,,,27320,
TENURE_10,Tenure type - Occupied private dwellings - Census,Other tenure type (no.),1208,,1318,,,,,1579,
TENURE_11,Tenure type - Occupied private dwellings - Census,Tenure type not stated (no.),1880,,2094,,,,,1161,
TENURE_2,Tenure type - Occupied private dwellings - Census,Owned outright (%),33.6,,32.9,,,,,33.9,
TENURE_3,Tenure type - Occupied private dwellings - Census,Owned with a mortgage (%),35.8,,35.2,,,,,34.4,
TENURE_4,Tenure type - Occupied private dwellings - Census,Rented (%),26.8,,27.9,,,,,28.8,
TENURE_5,Tenure type - Occupied private dwellings - Census,Other tenure type (%),1.5,,1.5,,,,,1.7,
TENURE_6,Tenure type - Occupied private dwellings - Census,Tenure type not stated (%),2.3,,2.4,,,,,1.2,
STRESS_10,Mortgage and rent affordability indicators - Occupied private dwellings - Census,Households where mortgage repayments are less than or equal to 30% of imputed household income (no.),,,,,,,,25945,
STRESS_11,Mortgage and rent affordability indicators - Occupied private dwellings - Census,Households where mortgage repayments are more than 30% of imputed household income (no.),,,,,,,,3381,
STRESS_12,Mortgage and rent affordability indicators - Occupied private dwellings - Census,Households where rent payments are less than or equal to 30% of imputed household income (no.),,,,,,,,15194,
STRESS_13,Mortgage and rent affordability indicators - Occupied private dwellings - Census,Households where rent payments are more than 30% of imputed household income (no.),,,,,,,,9662,
STRESS_14,Mortgage and rent affordability indicators - Occupied private dwellings - Census,Households where mortgage repayments are less than or equal to 30% of imputed household income (%),,,,,,,,79.4,
STRESS_15,Mortgage and rent affordability indicators - Occupied private dwellings - Census,Households where mortgage repayments are more than 30% of imputed household income (%),,,,,,,,10.3,
STRESS_16,Mortgage and rent affordability indicators - Occupied private dwellings - Census,Households where rent payments are less than or equal to 30% of imputed household income (%),,,,,,,,55.6,
STRESS_17,Mortgage and rent affordability indicators - Occupied private dwellings - Census,Households where rent payments are more than 30% of imputed household income (%),,,,,,,,35.4,
HOMELESS_3,Homelessness - Census,Count of homeless persons (no.),732,,848,,,,,1083,
HOMELESS_2,Homelessness - Census,"Homeless persons per 10,000 persons (rate)",35,,39,,,,,44,
COMMUTE_2,Commuting to work - Employed persons aged 15 years and older - Census,Average commuting distance from place of usual residence (kms),,,12,,,,,,
COMMUTE_3,Commuting to work - Employed persons aged 15 years and older - Census,Median commuting distance from place of usual residence (kms),,,8.6,,,,,,
COMMUTE_4,Commuting to work - Employed persons aged 15 years and older - Census,Average commuting distance to place of work (kms),,,13.4,,,,,,
COMMUTE_5,Commuting to work - Employed persons aged 15 years and older - Census,Median commuting distance to place of work (kms),,,9.1,,,,,,
COMMUTE_6,Commuting to work - Employed persons aged 15 years and older - Census,Average commuting distance from place of usual residence - females (kms),,,11.5,,,,,,
COMMUTE_7,Commuting to work - Employed persons aged 15 years and older - Census,Average commuting distance from place of usual residence - males (kms),,,12.5,,,,,,
COMMUTE_8,Commuting to work - Employed persons aged 15 years and older - Census,Median commuting distance from place of usual residence - females (kms),,,8.4,,,,,,
COMMUTE_9,Commuting to work - Employed persons aged 15 years and older - Census,Median commuting distance from place of usual residence - males (kms),,,8.8,,,,,,
COMMUTE_10,Commuting to work - Employed persons aged 15 years and older - Census,Average commuting distance from place of usual residence - managers (kms),,,12.3,,,,,,
COMMUTE_11,Commuting to work - Employed persons aged 15 years and older - Census,Average commuting distance from place of usual residence - professionals (kms),,,10.9,,,,,,
COMMUTE_12,Commuting to work - Employed persons aged 15 years and older - Census,Average commuting distance from place of usual residence - technicians and trades workers (kms),,,13.5,,,,,,
COMMUTE_13,Commuting to work - Employed persons aged 15 years and older - Census,Average commuting distance from place of usual residence - community and personal service Work (kms),,,11.7,,,,,,
COMMUTE_14,Commuting to work - Employed persons aged 15 years and older - Census,Average commuting distance from place of usual residence - clerical and administrative workers (kms),,,11.9,,,,,,
COMMUTE_15,Commuting to work - Employed persons aged 15 years and older - Census,Average commuting distance from place of usual residence - sales workers (kms),,,10.8,,,,,,
COMMUTE_16,Commuting to work - Employed persons aged 15 years and older - Census,Average commuting distance from place of usual residence - machinery operators and drivers (kms),,,14.9,,,,,,
COMMUTE_17,Commuting to work - Employed persons aged 15 years and older - Census,Average commuting distance from place of usual residence - labourers (kms),,,12.7,,,,,,
COMMUTE_18,Commuting to work - Employed persons aged 15 years and older - Census,Median commuting distance from place of usual residence - managers (kms),,,8.3,,,,,,
COMMUTE_19,Commuting to work - Employed persons aged 15 years and older - Census,Median commuting distance from place of usual residence - professionals (kms),,,7.4,,,,,,
COMMUTE_20,Commuting to work - Employed persons aged 15 years and older - Census,Median commuting distance from place of usual residence - technicians and trades workers (kms),,,9.9,,,,,,
COMMUTE_21,Commuting to work - Employed persons aged 15 years and older - Census,Median commuting distance from place of usual residence - community and personal service work (kms),,,8.3,,,,,,
COMMUTE_22,Commuting to work - Employed persons aged 15 years and older - Census,Median commuting distance from place of usual residence - clerical and administrative workers (kms),,,9.4,,,,,,
COMMUTE_23,Commuting to work - Employed persons aged 15 years and older - Census,Median commuting distance from place of usual residence - sales workers (kms),,,7.8,,,,,,
COMMUTE_24,Commuting to work - Employed persons aged 15 years and older - Census,Median commuting distance from place of usual residence - machinery operators and drivers (kms),,,10.8,,,,,,
COMMUTE_25,Commuting to work - Employed persons aged 15 years and older - Census,Median commuting distance from place of usual residence - labourers (kms),,,8.8,,,,,,
VEHIC_2,Number of motor vehicles per household - Occupied private dwellings - Census,No motor vehicles (no.),7491,,6838,,,,,6549,
VEHIC_3,Number of motor vehicles per household - Occupied private dwellings - Census,One motor vehicle (no.),30576,,31428,,,,,34159,
VEHIC_4,Number of motor vehicles per household - Occupied private dwellings - Census,Two motor vehicles (no.),28520,,29611,,,,,33276,
VEHIC_5,Number of motor vehicles per household - Occupied private dwellings - Census,Three motor vehicles (no.),9136,,9869,,,,,12249,
VEHIC_6,Number of motor vehicles per household - Occupied private dwellings - Census,Four or more motor vehicles (no.),4289,,5055,,,,,7531,
TOTMIG_3,Number of persons born overseas - Census,Males born overseas (no.),,,14690,,,,,22867,
TOTMIG_2,Number of persons born overseas - Census,Females born overseas (no.),,,15887,,,,,23751,
TOTMIG_4,Number of persons born overseas - Census,Persons born overseas (no.),,,30577,,,,,46613,
AGEMIG_2,Age of persons born overseas - Census,0-4 years (no.),,,287,,,,,323,
AGEMIG_3,Age of persons born overseas - Census,5-9 years (no.),,,666,,,,,872,
AGEMIG_4,Age of persons born overseas - Census,10-14 years (no.),,,774,,,,,1021,
AGEMIG_5,Age of persons born overseas - Census,15-19 years (no.),,,1133,,,,,1021,
AGEMIG_6,Age of persons born overseas - Census,20-24 years (no.),,,1910,,,,,2506,
AGEMIG_7,Age of persons born overseas - Census,25-29 years (no.),,,2328,,,,,7402,
AGEMIG_8,Age of persons born overseas - Census,30-34 years (no.),,,2275,,,,,7035,
AGEMIG_9,Age of persons born overseas - Census,35-39 years (no.),,,2012,,,,,4368,
AGEMIG_10,Age of persons born overseas - Census,40-44 years (no.),,,1919,,,,,2840,
AGEMIG_11,Age of persons born overseas - Census,45-49 years (no.),,,2032,,,,,2247,
AGEMIG_12,Age of persons born overseas - Census,50-54 years (no.),,,2210,,,,,2225,
AGEMIG_13,Age of persons born overseas - Census,55-59 years (no.),,,2269,,,,,2425,
AGEMIG_14,Age of persons born overseas - Census,60-64 years (no.),,,2183,,,,,2423,
AGEMIG_15,Age of persons born overseas - Census,65-69 years (no.),,,2560,,,,,2344,
AGEMIG_16,Age of persons born overseas - Census,70-74 years (no.),,,2019,,,,,2661,
AGEMIG_17,Age of persons born overseas - Census,75-79 years (no.),,,1630,,,,,2022,
AGEMIG_18,Age of persons born overseas - Census,80-84 years (no.),,,1199,,,,,1481,
AGEMIG_19,Age of persons born overseas - Census,85 years and over (no.),,,1168,,,,,1406,
ARRMIG_2,Year of arrival of persons born overseas - Census,Arrived within 5 years (%),,,18.4,,,,,20.2,
ARRMIG_3,Year of arrival of persons born overseas - Census,Arrived 5-10 years ago (%),,,12.9,,,,,24.6,
ARRMIG_4,Year of arrival of persons born overseas - Census,Arrived over 10 years ago (%),,,65.2,,,,,52.9,
ARRMIG_5,Year of arrival of persons born overseas - Census,Arrival not stated (%),,,3.5,,,,,2.3,
CITMIG_2,Citizenship status of persons born overseas - Census,Australian citizen (%),,,61.9,,,,,46.9,
CITMIG_3,Citizenship status of persons born overseas - Census,Not an Australian citizen (%),,,36.3,,,,,52.6,
CITMIG_4,Citizenship status of persons born overseas - Census,Citizenship not stated (%),,,1.8,,,,,0.5,
RELMIG_2,Religious affiliation of persons born overseas - Census,Buddhism (%),,,4,,,,,5.2,
RELMIG_3,Religious affiliation of persons born overseas - Census,Christianity (%),,,43.6,,,,,31.2,
RELMIG_4,Religious affiliation of persons born overseas - Census,Hinduism (%),,,4.5,,,,,12.4,
RELMIG_5,Religious affiliation of persons born overseas - Census,Islam (%),,,3.8,,,,,5.2,
RELMIG_6,Religious affiliation of persons born overseas - Census,Judaism (%),,,0.2,,,,,0.2,
RELMIG_7,Religious affiliation of persons born overseas - Census,Other religion (%),,,1.8,,,,,3.4,
RELMIG_11,Religious affiliation of persons born overseas - Census,"Secular beliefs, other spiritual beliefs, no religion (%)",,,37.2,,,,,39.8,
RELMIG_9,Religious affiliation of persons born overseas - Census,Religious affiliation inadequately described or not stated (%),,,4.9,,,,,2.6,
ENGMIG_2,English proficiency of persons born overseas - Census,Proficient in English (%),,,93.1,,,,,94.9,
ENGMIG_3,English proficiency of persons born overseas - Census,Not proficient in English (%),,,6.2,,,,,4.6,
ENGMIG_4,English proficiency of persons born overseas - Census,English proficiency not stated (%),,,0.7,,,,,0.5,
QUALMIG_2,Level of highest educational attainment of persons born overseas - Census,Postgraduate degree level (%),,,12.3,,,,,23.9,
QUALMIG_3,Level of highest educational attainment of persons born overseas - Census,Graduate diploma and graduate certificate level (%),,,2.9,,,,,2.8,
QUALMIG_4,Level of highest educational attainment of persons born overseas - Census,Bachelor degree level (%),,,21.2,,,,,27,
QUALMIG_5,Level of highest educational attainment of persons born overseas - Census,Advanced diploma and diploma level (%),,,10.2,,,,,9.2,
QUALMIG_6,Level of highest educational attainment of persons born overseas - Census,Certificate level (%),,,11.9,,,,,8.9,
QUALMIG_7,Level of highest educational attainment of persons born overseas - Census,School education level (%),,,32.3,,,,,21.4,
QUALMIG_8,Level of highest educational attainment of persons born overseas - Census,Education not stated (%),,,4.7,,,,,3.3,
OCCMIG_2,Occupation of persons born overseas - Persons aged 15 years and over - Census,Managers (%),,,12,,,,,11.1,
OCCMIG_3,Occupation of persons born overseas - Persons aged 15 years and over - Census,Professionals (%),,,31.3,,,,,25.4,
OCCMIG_4,Occupation of persons born overseas - Persons aged 15 years and over - Census,Technicians and trades workers (%),,,10.6,,,,,11.2,
OCCMIG_5,Occupation of persons born overseas - Persons aged 15 years and over - Census,Community and personal service workers (%),,,14.4,,,,,17.4,
OCCMIG_6,Occupation of persons born overseas - Persons aged 15 years and over - Census,Clerical and administrative workers (%),,,11.1,,,,,8.9,
OCCMIG_7,Occupation of persons born overseas - Persons aged 15 years and over - Census,Sales workers (%),,,6.3,,,,,7.1,
OCCMIG_8,Occupation of persons born overseas - Persons aged 15 years and over - Census,Machinery operators and drivers (%),,,3.3,,,,,4.8,
OCCMIG_9,Occupation of persons born overseas - Persons aged 15 years and over - Census,Labourers (%),,,9.3,,,,,12.1,
OCCMIG_10,Occupation of persons born overseas - Persons aged 15 years and over - Census,Occupation inadequately described or not stated (%),,,1.7,,,,,1.9,
OCCMIG_11,Occupation of persons born overseas - Persons aged 15 years and over - Census,Overseas born population employed (no.),,,13884,,,,,26630,
LFMIG_6,Labour force status of persons born overseas - Persons aged 15 years and over - Census,Employed (no.),,,13884,,,,,26630,
LFMIG_3,Labour force status of persons born overseas - Persons aged 15 years and over - Census,Unemployed (no.),,,1270,,,,,2517,
LFMIG_2,Labour force status of persons born overseas - Persons aged 15 years and over - Census,In the labour force (no.),,,15153,,,,,29146,
LFMIG_5,Labour force status of persons born overseas - Persons aged 15 years and over - Census,Unemployment rate (%),,,8.4,,,,,8.6,
LFMIG_4,Labour force status of persons born overseas - Persons aged 15 years and over - Census,Participation rate (%),,,52.5,,,,,65.6,
LFMIG_11,Labour force status of persons born overseas - Persons aged 15 years and over - Census,Not in the labour force (%),,,46.5,,,,,33.3,
LFMIG_12,Labour force status of persons born overseas - Persons aged 15 years and over - Census,Labour force status not stated (%),,,1,,,,,1,
LFMIG_7,Labour force status of persons born overseas - Persons aged 15 years and over - Census,Overseas born population aged 15 years and over (no.),,,28847,,,,,44397,
INCMIG_2,Total personal income (weekly) of persons born overseas - Persons aged 15 years and over - Census,$1-$499 per week (%),,,34.4,,,,,23.9,
INCMIG_3,Total personal income (weekly) of persons born overseas - Persons aged 15 years and over - Census,$500-$999 per week (%),,,24.8,,,,,29.3,
INCMIG_4,Total personal income (weekly) of persons born overseas - Persons aged 15 years and over - Census,$1000-$1999 per week (%),,,20.3,,,,,25.8,
INCMIG_5,Total personal income (weekly) of persons born overseas - Persons aged 15 years and over - Census,$2000-$2999 per week (%),,,4.1,,,,,5.2,
INCMIG_6,Total personal income (weekly) of persons born overseas - Persons aged 15 years and over - Census,$3000 or more per week (%),,,2.4,,,,,3.1,
INCMIG_7,Total personal income (weekly) of persons born overseas - Persons aged 15 years and over - Census,Nil income (%),,,11,,,,,10.1,
INCMIG_8,Total personal income (weekly) of persons born overseas - Persons aged 15 years and over - Census,Negative income (%),,,0.5,,,,,0.5,
INCMIG_9,Total personal income (weekly) of persons born overseas - Persons aged 15 years and over - Census,Income inadequately described or not stated (%),,,2.5,,,,,2,
LAND,Land area,Land area (ha),,,,,,,,169536.1,
PROTECTED_AREA_2,Protected land areas - year ended 30 June,Indigenous protected land areas (no.),,,2,,2,,2,,
PROTECTED_AREA_3,Protected land areas - year ended 30 June,National parks (no.),,,3,,3,,3,,
PROTECTED_AREA_4,Protected land areas - year ended 30 June,Nature reserves (no.),,,12,,12,,12,,
PROTECTED_AREA_5,Protected land areas - year ended 30 June,All other protected land areas (no.),,,110,,112,,108,,
PROTECTED_AREA_6,Protected land areas - year ended 30 June,Total protected land areas (no.),,,127,,129,,125,,
PROTECTED_AREA_7,Protected land areas - year ended 30 June,Indigenous protected land area (ha),,,80,,80,,80,,
PROTECTED_AREA_8,Protected land areas - year ended 30 June,National parks (ha),,,9238,,9238,,9238,,
PROTECTED_AREA_9,Protected land areas - year ended 30 June,Nature reserves (ha),,,1639,,1634,,1634,,
PROTECTED_AREA_10,Protected land areas - year ended 30 June,All other protected land areas (ha),,,10387,,10287,,10205,,
PROTECTED_AREA_11,Protected land areas - year ended 30 June,Total protected land area (ha),,,21344,,21239,,21157,,
PROTECTED_AREA_13,Protected land areas - year ended 30 June,National parks (%),,,5.4,,5.4,,5.4,,
PROTECTED_AREA_14,Protected land areas - year ended 30 June,Nature reserves (%),,,1,,1,,1,,
PROTECTED_AREA_15,Protected land areas - year ended 30 June,All other protected land areas (%),,,6.1,,6.1,,6,,
PROTECTED_AREA_16,Protected land areas - year ended 30 June,Total protected land area (%),,,12.6,,12.5,,12.5,,
SOLAR_7,Solar installations - year ended 31 December,Small-scale solar panel system installations (no.),,,811,809,941,1061,1263,1707,
SOLAR_8,Solar installations - year ended 31 December,Solar water heater installations (no.),,,59,80,35,33,45,38,
